2022/6/3,11:05:17,-,Program,Started,,,,,,,
2022/6/3,11:05:17,-,Start,to,backup,CLP_Account_UBT_Daily,,,,,
2022/6/3,11:14:56,-,Completed,backing,up,CLP_Account_UBT_Daily,,,,,
2022/6/3,11:14:56,-,Start,to,clear,temp,table,,,,
2022/6/3,11:14:56,-,Completed,clearing,temp,table,,,,,
2022/6/3,11:14:56,-,Start,to,create,temp,table,,,,
2022/6/3,11:14:56,-,Completed,creating,temp,table,,,,,
2022/6/3,11:14:56,-,Start,to,processs,day,1,/,702:,2022/6/2,
2022/6/3,11:14:56,-,Start,to,processs,day,2,/,702:,2022/6/1,
2022/6/3,11:14:56,-,Start,to,processs,day,3,/,702:,2022/5/31,
2022/6/3,11:14:56,-,Start,to,processs,day,4,/,702:,2022/5/30,
2022/6/3,11:18:30,-,Start,to,processs,day,5,/,702:,2022/5/29,
2022/6/3,11:18:50,-,Start,to,processs,day,6,/,702:,2022/5/28,
2022/6/3,11:18:53,-,Start,to,processs,day,7,/,702:,2022/5/27,
2022/6/3,11:19:06,-,Start,to,processs,day,8,/,702:,2022/5/26,
2022/6/3,11:21:11,-,Start,to,processs,day,9,/,702:,2022/5/25,
2022/6/3,11:21:33,-,Start,to,processs,day,10,/,702:,2022/5/24,
2022/6/3,11:21:38,-,Start,to,processs,day,11,/,702:,2022/5/23,
2022/6/3,11:21:58,-,Start,to,processs,day,12,/,702:,2022/5/22,
2022/6/3,11:23:49,-,Start,to,processs,day,13,/,702:,2022/5/21,
2022/6/3,11:24:23,-,Start,to,processs,day,14,/,702:,2022/5/20,
2022/6/3,11:24:28,-,Start,to,processs,day,15,/,702:,2022/5/19,
2022/6/3,11:24:33,-,Start,to,processs,day,16,/,702:,2022/5/18,
2022/6/3,11:26:26,-,Start,to,processs,day,17,/,702:,2022/5/17,
2022/6/3,11:27:01,-,Start,to,processs,day,18,/,702:,2022/5/16,
2022/6/3,11:27:11,-,Start,to,processs,day,19,/,702:,2022/5/15,
2022/6/3,11:27:25,-,Start,to,processs,day,20,/,702:,2022/5/14,
2022/6/3,11:28:54,-,Start,to,processs,day,21,/,702:,2022/5/13,
2022/6/3,11:29:32,-,Start,to,processs,day,22,/,702:,2022/5/12,
2022/6/3,11:30:05,-,Start,to,processs,day,23,/,702:,2022/5/11,
2022/6/3,11:30:05,-,Start,to,processs,day,24,/,702:,2022/5/10,
2022/6/3,11:31:31,-,Start,to,processs,day,25,/,702:,2022/5/9,
2022/6/3,11:32:00,-,Start,to,processs,day,26,/,702:,2022/5/8,
2022/6/3,11:32:40,-,Start,to,processs,day,27,/,702:,2022/5/7,
2022/6/3,11:32:41,-,Start,to,processs,day,28,/,702:,2022/5/6,
2022/6/3,11:34:01,-,Start,to,processs,day,29,/,702:,2022/5/5,
2022/6/3,11:34:32,-,Start,to,processs,day,30,/,702:,2022/5/4,
2022/6/3,11:35:16,-,Start,to,processs,day,31,/,702:,2022/5/3,
2022/6/3,11:35:19,-,Start,to,processs,day,32,/,702:,2022/5/2,
2022/6/3,11:36:35,-,Start,to,processs,day,33,/,702:,2022/5/1,
2022/6/3,11:37:10,-,Start,to,processs,day,34,/,702:,2022/4/30,
2022/6/3,11:37:44,-,Start,to,processs,day,35,/,702:,2022/4/29,
2022/6/3,11:37:46,-,Start,to,processs,day,36,/,702:,2022/4/28,
2022/6/3,11:39:01,-,Start,to,processs,day,37,/,702:,2022/4/27,
2022/6/3,11:39:29,-,Start,to,processs,day,38,/,702:,2022/4/26,
2022/6/3,11:40:15,-,Start,to,processs,day,39,/,702:,2022/4/25,
2022/6/3,11:40:21,-,Start,to,processs,day,40,/,702:,2022/4/24,
2022/6/3,11:41:19,-,Start,to,processs,day,41,/,702:,2022/4/23,
2022/6/3,11:41:51,-,Start,to,processs,day,42,/,702:,2022/4/22,
2022/6/3,11:42:34,-,Start,to,processs,day,43,/,702:,2022/4/21,
2022/6/3,11:42:57,-,Start,to,processs,day,44,/,702:,2022/4/20,
2022/6/3,11:43:42,-,Start,to,processs,day,45,/,702:,2022/4/19,
2022/6/3,11:44:18,-,Start,to,processs,day,46,/,702:,2022/4/18,
2022/6/3,11:44:54,-,Start,to,processs,day,47,/,702:,2022/4/17,
2022/6/3,11:45:17,-,Start,to,processs,day,48,/,702:,2022/4/16,
2022/6/3,11:46:04,-,Start,to,processs,day,49,/,702:,2022/4/15,
2022/6/3,11:46:30,-,Start,to,processs,day,50,/,702:,2022/4/14,
2022/6/3,11:47:20,-,Start,to,processs,day,51,/,702:,2022/4/13,
2022/6/3,11:47:33,-,Start,to,processs,day,52,/,702:,2022/4/12,
2022/6/3,11:48:27,-,Start,to,processs,day,53,/,702:,2022/4/11,
2022/6/3,11:48:45,-,Start,to,processs,day,54,/,702:,2022/4/10,
2022/6/3,11:49:44,-,Start,to,processs,day,55,/,702:,2022/4/9,
2022/6/3,11:49:56,-,Start,to,processs,day,56,/,702:,2022/4/8,
2022/6/3,11:50:34,-,Start,to,processs,day,57,/,702:,2022/4/7,
2022/6/3,11:51:07,-,Start,to,processs,day,58,/,702:,2022/4/6,
2022/6/3,11:52:12,-,Start,to,processs,day,59,/,702:,2022/4/5,
2022/6/3,11:52:16,-,Start,to,processs,day,60,/,702:,2022/4/4,
2022/6/3,11:52:57,-,Start,to,processs,day,61,/,702:,2022/4/3,
2022/6/3,11:53:52,-,Start,to,processs,day,62,/,702:,2022/4/2,
2022/6/3,11:54:51,-,Start,to,processs,day,63,/,702:,2022/4/1,
2022/6/3,11:55:01,-,Start,to,processs,day,64,/,702:,2022/3/31,
2022/6/3,11:55:26,-,Start,to,processs,day,65,/,702:,2022/3/30,
2022/6/3,11:56:33,-,Start,to,processs,day,66,/,702:,2022/3/29,
2022/6/3,11:57:06,-,Start,to,processs,day,67,/,702:,2022/3/28,
2022/6/3,11:57:31,-,Start,to,processs,day,68,/,702:,2022/3/27,
2022/6/3,11:57:37,-,Start,to,processs,day,69,/,702:,2022/3/26,
2022/6/3,11:58:54,-,Start,to,processs,day,70,/,702:,2022/3/25,
2022/6/3,11:59:22,-,Start,to,processs,day,71,/,702:,2022/3/24,
2022/6/3,11:59:48,-,Start,to,processs,day,72,/,702:,2022/3/23,
2022/6/3,12:00:06,-,Start,to,processs,day,73,/,702:,2022/3/22,
2022/6/3,12:01:20,-,Start,to,processs,day,74,/,702:,2022/3/21,
2022/6/3,12:01:47,-,Start,to,processs,day,75,/,702:,2022/3/20,
2022/6/3,12:02:06,-,Start,to,processs,day,76,/,702:,2022/3/19,
2022/6/3,12:02:29,-,Start,to,processs,day,77,/,702:,2022/3/18,
2022/6/3,12:03:50,-,Start,to,processs,day,78,/,702:,2022/3/17,
2022/6/3,12:04:19,-,Start,to,processs,day,79,/,702:,2022/3/16,
2022/6/3,12:04:46,-,Start,to,processs,day,80,/,702:,2022/3/15,
2022/6/3,12:05:10,-,Start,to,processs,day,81,/,702:,2022/3/14,
2022/6/3,12:06:28,-,Start,to,processs,day,82,/,702:,2022/3/13,
2022/6/3,12:07:12,-,Start,to,processs,day,83,/,702:,2022/3/12,
2022/6/3,12:07:34,-,Start,to,processs,day,84,/,702:,2022/3/11,
2022/6/3,12:07:50,-,Start,to,processs,day,85,/,702:,2022/3/10,
2022/6/3,12:08:37,-,Start,to,processs,day,86,/,702:,2022/3/9,
2022/6/3,12:09:33,-,Start,to,processs,day,87,/,702:,2022/3/8,
2022/6/3,12:09:55,-,Start,to,processs,day,88,/,702:,2022/3/7,
2022/6/3,12:10:16,-,Start,to,processs,day,89,/,702:,2022/3/6,
2022/6/3,12:11:01,-,Start,to,processs,day,90,/,702:,2022/3/5,
2022/6/3,12:11:58,-,Start,to,processs,day,91,/,702:,2022/3/4,
2022/6/3,12:12:22,-,Start,to,processs,day,92,/,702:,2022/3/3,
2022/6/3,12:12:47,-,Start,to,processs,day,93,/,702:,2022/3/2,
2022/6/3,12:13:25,-,Start,to,processs,day,94,/,702:,2022/3/1,
2022/6/3,12:14:06,-,Start,to,processs,day,95,/,702:,2022/2/28,
2022/6/3,12:14:45,-,Start,to,processs,day,96,/,702:,2022/2/27,
2022/6/3,12:15:19,-,Start,to,processs,day,97,/,702:,2022/2/26,
2022/6/3,12:15:57,-,Start,to,processs,day,98,/,702:,2022/2/25,
2022/6/3,12:16:56,-,Start,to,processs,day,99,/,702:,2022/2/24,
2022/6/3,12:17:35,-,Start,to,processs,day,100,/,702:,2022/2/23,
2022/6/3,12:18:26,-,Start,to,processs,day,101,/,702:,2022/2/22,
2022/6/3,12:18:36,-,Start,to,processs,day,102,/,702:,2022/2/21,
2022/6/3,12:19:27,-,Start,to,processs,day,103,/,702:,2022/2/20,
2022/6/3,12:20:01,-,Start,to,processs,day,104,/,702:,2022/2/19,
2022/6/3,12:20:44,-,Start,to,processs,day,105,/,702:,2022/2/18,
2022/6/3,12:20:49,-,Start,to,processs,day,106,/,702:,2022/2/17,
2022/6/3,12:21:33,-,Start,to,processs,day,107,/,702:,2022/2/16,
2022/6/3,12:22:17,-,Start,to,processs,day,108,/,702:,2022/2/15,
2022/6/3,12:23:12,-,Start,to,processs,day,109,/,702:,2022/2/14,
2022/6/3,12:23:18,-,Start,to,processs,day,110,/,702:,2022/2/13,
2022/6/3,12:23:48,-,Start,to,processs,day,111,/,702:,2022/2/12,
2022/6/3,12:24:32,-,Start,to,processs,day,112,/,702:,2022/2/11,
2022/6/3,12:25:26,-,Start,to,processs,day,113,/,702:,2022/2/10,
2022/6/3,12:25:28,-,Start,to,processs,day,114,/,702:,2022/2/9,
2022/6/3,12:25:59,-,Start,to,processs,day,115,/,702:,2022/2/8,
2022/6/3,12:26:49,-,Start,to,processs,day,116,/,702:,2022/2/7,
2022/6/3,12:27:46,-,Start,to,processs,day,117,/,702:,2022/2/6,
2022/6/3,12:27:46,-,Start,to,processs,day,118,/,702:,2022/2/5,
2022/6/3,12:28:32,-,Start,to,processs,day,119,/,702:,2022/2/4,
2022/6/3,12:29:27,-,Start,to,processs,day,120,/,702:,2022/2/3,
2022/6/3,12:29:59,-,Start,to,processs,day,121,/,702:,2022/2/2,
2022/6/3,12:30:08,-,Start,to,processs,day,122,/,702:,2022/2/1,
2022/6/3,12:30:54,-,Start,to,processs,day,123,/,702:,2022/1/31,
2022/6/3,12:31:29,-,Start,to,processs,day,124,/,702:,2022/1/30,
2022/6/3,12:32:06,-,Start,to,processs,day,125,/,702:,2022/1/29,
2022/6/3,12:32:19,-,Start,to,processs,day,126,/,702:,2022/1/28,
2022/6/3,12:32:47,-,Start,to,processs,day,127,/,702:,2022/1/27,
2022/6/3,12:33:44,-,Start,to,processs,day,128,/,702:,2022/1/26,
2022/6/3,12:34:11,-,Start,to,processs,day,129,/,702:,2022/1/25,
2022/6/3,12:34:16,-,Start,to,processs,day,130,/,702:,2022/1/24,
2022/6/3,12:34:57,-,Start,to,processs,day,131,/,702:,2022/1/23,
2022/6/3,12:35:49,-,Start,to,processs,day,132,/,702:,2022/1/22,
2022/6/3,12:36:01,-,Start,to,processs,day,133,/,702:,2022/1/21,
2022/6/3,12:36:19,-,Start,to,processs,day,134,/,702:,2022/1/20,
2022/6/3,12:37:02,-,Start,to,processs,day,135,/,702:,2022/1/19,
2022/6/3,12:37:43,-,Start,to,processs,day,136,/,702:,2022/1/18,
2022/6/3,12:38:03,-,Start,to,processs,day,137,/,702:,2022/1/17,
2022/6/3,12:38:21,-,Start,to,processs,day,138,/,702:,2022/1/16,
2022/6/3,12:39:17,-,Start,to,processs,day,139,/,702:,2022/1/15,
2022/6/3,12:40:05,-,Start,to,processs,day,140,/,702:,2022/1/14,
2022/6/3,12:40:19,-,Start,to,processs,day,141,/,702:,2022/1/13,
2022/6/3,12:40:38,-,Start,to,processs,day,142,/,702:,2022/1/12,
2022/6/3,12:41:26,-,Start,to,processs,day,143,/,702:,2022/1/11,
2022/6/3,12:42:08,-,Start,to,processs,day,144,/,702:,2022/1/10,
2022/6/3,12:42:12,-,Start,to,processs,day,145,/,702:,2022/1/9,
2022/6/3,12:42:36,-,Start,to,processs,day,146,/,702:,2022/1/8,
2022/6/3,12:43:21,-,Start,to,processs,day,147,/,702:,2022/1/7,
2022/6/3,12:44:03,-,Start,to,processs,day,148,/,702:,2022/1/6,
2022/6/3,12:44:07,-,Start,to,processs,day,149,/,702:,2022/1/5,
2022/6/3,12:44:32,-,Start,to,processs,day,150,/,702:,2022/1/4,
2022/6/3,12:45:16,-,Start,to,processs,day,151,/,702:,2022/1/3,
2022/6/3,12:45:56,-,Start,to,processs,day,152,/,702:,2022/1/2,
2022/6/3,12:46:05,-,Start,to,processs,day,153,/,702:,2022/1/1,
2022/6/3,12:46:34,-,Start,to,processs,day,154,/,702:,2021/12/31,
2022/6/3,12:47:20,-,Start,to,processs,day,155,/,702:,2021/12/30,
2022/6/3,12:47:48,-,Start,to,processs,day,156,/,702:,2021/12/29,
2022/6/3,12:47:51,-,Start,to,processs,day,157,/,702:,2021/12/28,
2022/6/3,12:48:25,-,Start,to,processs,day,158,/,702:,2021/12/27,
2022/6/3,12:49:12,-,Start,to,processs,day,159,/,702:,2021/12/26,
2022/6/3,12:49:39,-,Start,to,processs,day,160,/,702:,2021/12/25,
2022/6/3,12:49:55,-,Start,to,processs,day,161,/,702:,2021/12/24,
2022/6/3,12:50:13,-,Start,to,processs,day,162,/,702:,2021/12/23,
2022/6/3,12:50:58,-,Start,to,processs,day,163,/,702:,2021/12/22,
2022/6/3,12:51:26,-,Start,to,processs,day,164,/,702:,2021/12/21,
2022/6/3,12:51:50,-,Start,to,processs,day,165,/,702:,2021/12/20,
2022/6/3,12:52:03,-,Start,to,processs,day,166,/,702:,2021/12/19,
2022/6/3,12:52:49,-,Start,to,processs,day,167,/,702:,2021/12/18,
2022/6/3,12:53:12,-,Start,to,processs,day,168,/,702:,2021/12/17,
2022/6/3,12:53:24,-,Start,to,processs,day,169,/,702:,2021/12/16,
2022/6/3,12:53:46,-,Start,to,processs,day,170,/,702:,2021/12/15,
2022/6/3,12:54:28,-,Start,to,processs,day,171,/,702:,2021/12/14,
2022/6/3,12:55:03,-,Start,to,processs,day,172,/,702:,2021/12/13,
2022/6/3,12:55:05,-,Start,to,processs,day,173,/,702:,2021/12/12,
2022/6/3,12:55:27,-,Start,to,processs,day,174,/,702:,2021/12/11,
2022/6/3,12:56:09,-,Start,to,processs,day,175,/,702:,2021/12/10,
2022/6/3,12:56:38,-,Start,to,processs,day,176,/,702:,2021/12/9,
2022/6/3,12:56:55,-,Start,to,processs,day,177,/,702:,2021/12/8,
2022/6/3,12:57:14,-,Start,to,processs,day,178,/,702:,2021/12/7,
2022/6/3,12:57:47,-,Start,to,processs,day,179,/,702:,2021/12/6,
2022/6/3,12:58:19,-,Start,to,processs,day,180,/,702:,2021/12/5,
2022/6/3,12:58:28,-,Start,to,processs,day,181,/,702:,2021/12/4,
2022/6/3,12:58:53,-,Start,to,processs,day,182,/,702:,2021/12/3,
2022/6/3,12:59:27,-,Start,to,processs,day,183,/,702:,2021/12/2,
2022/6/3,13:00:01,-,Start,to,processs,day,184,/,702:,2021/12/1,
2022/6/3,13:00:02,-,Start,to,processs,day,185,/,702:,2021/11/30,
2022/6/3,13:00:42,-,Start,to,processs,day,186,/,702:,2021/11/29,
2022/6/3,13:01:08,-,Start,to,processs,day,187,/,702:,2021/11/28,
2022/6/3,13:01:34,-,Start,to,processs,day,188,/,702:,2021/11/27,
2022/6/3,13:01:40,-,Start,to,processs,day,189,/,702:,2021/11/26,
2022/6/3,13:02:23,-,Start,to,processs,day,190,/,702:,2021/11/25,
2022/6/3,13:02:48,-,Start,to,processs,day,191,/,702:,2021/11/24,
2022/6/3,13:03:19,-,Start,to,processs,day,192,/,702:,2021/11/23,
2022/6/3,13:03:22,-,Start,to,processs,day,193,/,702:,2021/11/22,
2022/6/3,13:03:57,-,Start,to,processs,day,194,/,702:,2021/11/21,
2022/6/3,13:04:23,-,Start,to,processs,day,195,/,702:,2021/11/20,
2022/6/3,13:05:00,-,Start,to,processs,day,196,/,702:,2021/11/19,
2022/6/3,13:05:00,-,Start,to,processs,day,197,/,702:,2021/11/18,
2022/6/3,13:05:31,-,Start,to,processs,day,198,/,702:,2021/11/17,
2022/6/3,13:05:58,-,Start,to,processs,day,199,/,702:,2021/11/16,
2022/6/3,13:06:32,-,Start,to,processs,day,200,/,702:,2021/11/15,
2022/6/3,13:06:42,-,Start,to,processs,day,201,/,702:,2021/11/14,
2022/6/3,13:07:04,-,Start,to,processs,day,202,/,702:,2021/11/13,
2022/6/3,13:07:30,-,Start,to,processs,day,203,/,702:,2021/11/12,
2022/6/3,13:08:13,-,Start,to,processs,day,204,/,702:,2021/11/11,
2022/6/3,13:08:15,-,Start,to,processs,day,205,/,702:,2021/11/10,
2022/6/3,13:08:32,-,Start,to,processs,day,206,/,702:,2021/11/9,
2022/6/3,13:08:57,-,Start,to,processs,day,207,/,702:,2021/11/8,
2022/6/3,13:09:42,-,Start,to,processs,day,208,/,702:,2021/11/7,
2022/6/3,13:09:43,-,Start,to,processs,day,209,/,702:,2021/11/6,
2022/6/3,13:10:00,-,Start,to,processs,day,210,/,702:,2021/11/5,
2022/6/3,13:10:30,-,Start,to,processs,day,211,/,702:,2021/11/4,
2022/6/3,13:11:22,-,Start,to,processs,day,212,/,702:,2021/11/3,
2022/6/3,13:11:23,-,Start,to,processs,day,213,/,702:,2021/11/2,
2022/6/3,13:11:24,-,Start,to,processs,day,214,/,702:,2021/11/1,
2022/6/3,13:12:04,-,Start,to,processs,day,215,/,702:,2021/10/31,
2022/6/3,13:13:01,-,Start,to,processs,day,216,/,702:,2021/10/30,
2022/6/3,13:13:02,-,Start,to,processs,day,217,/,702:,2021/10/29,
2022/6/3,13:13:02,-,Start,to,processs,day,218,/,702:,2021/10/28,
2022/6/3,13:13:26,-,Start,to,processs,day,219,/,702:,2021/10/27,
2022/6/3,13:14:34,-,Start,to,processs,day,220,/,702:,2021/10/26,
2022/6/3,13:14:35,-,Start,to,processs,day,221,/,702:,2021/10/25,
2022/6/3,13:14:38,-,Start,to,processs,day,222,/,702:,2021/10/24,
2022/6/3,13:15:00,-,Start,to,processs,day,223,/,702:,2021/10/23,
2022/6/3,13:16:08,-,Start,to,processs,day,224,/,702:,2021/10/22,
2022/6/3,13:16:08,-,Start,to,processs,day,225,/,702:,2021/10/21,
2022/6/3,13:16:30,-,Start,to,processs,day,226,/,702:,2021/10/20,
2022/6/3,13:16:48,-,Start,to,processs,day,227,/,702:,2021/10/19,
2022/6/3,13:17:53,-,Start,to,processs,day,228,/,702:,2021/10/18,
2022/6/3,13:18:02,-,Start,to,processs,day,229,/,702:,2021/10/17,
2022/6/3,13:18:16,-,Start,to,processs,day,230,/,702:,2021/10/16,
2022/6/3,13:18:36,-,Start,to,processs,day,231,/,702:,2021/10/15,
2022/6/3,13:19:31,-,Start,to,processs,day,232,/,702:,2021/10/14,
2022/6/3,13:19:35,-,Start,to,processs,day,233,/,702:,2021/10/13,
2022/6/3,13:19:47,-,Start,to,processs,day,234,/,702:,2021/10/12,
2022/6/3,13:20:00,-,Start,to,processs,day,235,/,702:,2021/10/11,
2022/6/3,13:20:54,-,Start,to,processs,day,236,/,702:,2021/10/10,
2022/6/3,13:21:06,-,Start,to,processs,day,237,/,702:,2021/10/9,
2022/6/3,13:21:14,-,Start,to,processs,day,238,/,702:,2021/10/8,
2022/6/3,13:21:31,-,Start,to,processs,day,239,/,702:,2021/10/7,
2022/6/3,13:22:21,-,Start,to,processs,day,240,/,702:,2021/10/6,
2022/6/3,13:22:35,-,Start,to,processs,day,241,/,702:,2021/10/5,
2022/6/3,13:22:36,-,Start,to,processs,day,242,/,702:,2021/10/4,
2022/6/3,13:23:00,-,Start,to,processs,day,243,/,702:,2021/10/3,
2022/6/3,13:23:48,-,Start,to,processs,day,244,/,702:,2021/10/2,
2022/6/3,13:24:06,-,Start,to,processs,day,245,/,702:,2021/10/1,
2022/6/3,13:24:06,-,Start,to,processs,day,246,/,702:,2021/9/30,
2022/6/3,13:24:20,-,Start,to,processs,day,247,/,702:,2021/9/29,
2022/6/3,13:25:16,-,Start,to,processs,day,248,/,702:,2021/9/28,
2022/6/3,13:25:37,-,Start,to,processs,day,249,/,702:,2021/9/27,
2022/6/3,13:25:41,-,Start,to,processs,day,250,/,702:,2021/9/26,
2022/6/3,13:25:51,-,Start,to,processs,day,251,/,702:,2021/9/25,
2022/6/3,13:26:39,-,Start,to,processs,day,252,/,702:,2021/9/24,
2022/6/3,13:27:00,-,Start,to,processs,day,253,/,702:,2021/9/23,
2022/6/3,13:27:13,-,Start,to,processs,day,254,/,702:,2021/9/22,
2022/6/3,13:27:24,-,Start,to,processs,day,255,/,702:,2021/9/21,
2022/6/3,13:28:23,-,Start,to,processs,day,256,/,702:,2021/9/20,
2022/6/3,13:28:23,-,Start,to,processs,day,257,/,702:,2021/9/19,
2022/6/3,13:28:24,-,Start,to,processs,day,258,/,702:,2021/9/18,
2022/6/3,13:28:26,-,Start,to,processs,day,259,/,702:,2021/9/17,
2022/6/3,13:28:26,-,Start,to,processs,day,260,/,702:,2021/9/16,
2022/6/3,13:28:27,-,Start,to,processs,day,261,/,702:,2021/9/15,
2022/6/3,13:28:28,-,Start,to,processs,day,262,/,702:,2021/9/14,
2022/6/3,13:28:29,-,Start,to,processs,day,263,/,702:,2021/9/13,
2022/6/3,13:28:29,-,Start,to,processs,day,264,/,702:,2021/9/12,
2022/6/3,13:28:30,-,Start,to,processs,day,265,/,702:,2021/9/11,
2022/6/3,13:28:31,-,Start,to,processs,day,266,/,702:,2021/9/10,
2022/6/3,13:28:31,-,Start,to,processs,day,267,/,702:,2021/9/9,
2022/6/3,13:28:32,-,Start,to,processs,day,268,/,702:,2021/9/8,
2022/6/3,13:28:33,-,Start,to,processs,day,269,/,702:,2021/9/7,
2022/6/3,13:28:34,-,Start,to,processs,day,270,/,702:,2021/9/6,
2022/6/3,13:28:34,-,Start,to,processs,day,271,/,702:,2021/9/5,
2022/6/3,13:28:35,-,Start,to,processs,day,272,/,702:,2021/9/4,
2022/6/3,13:28:35,-,Start,to,processs,day,273,/,702:,2021/9/3,
2022/6/3,13:28:36,-,Start,to,processs,day,274,/,702:,2021/9/2,
2022/6/3,13:28:37,-,Start,to,processs,day,275,/,702:,2021/9/1,
2022/6/3,13:28:38,-,Start,to,processs,day,276,/,702:,2021/8/31,
2022/6/3,13:28:39,-,Start,to,processs,day,277,/,702:,2021/8/30,
2022/6/3,13:28:40,-,Start,to,processs,day,278,/,702:,2021/8/29,
2022/6/3,13:28:41,-,Start,to,processs,day,279,/,702:,2021/8/28,
2022/6/3,13:28:41,-,Start,to,processs,day,280,/,702:,2021/8/27,
2022/6/3,13:28:42,-,Start,to,processs,day,281,/,702:,2021/8/26,
2022/6/3,13:28:42,-,Start,to,processs,day,282,/,702:,2021/8/25,
2022/6/3,13:28:43,-,Start,to,processs,day,283,/,702:,2021/8/24,
2022/6/3,13:28:44,-,Start,to,processs,day,284,/,702:,2021/8/23,
2022/6/3,13:28:44,-,Start,to,processs,day,285,/,702:,2021/8/22,
2022/6/3,13:28:45,-,Start,to,processs,day,286,/,702:,2021/8/21,
2022/6/3,13:28:46,-,Start,to,processs,day,287,/,702:,2021/8/20,
2022/6/3,13:28:46,-,Start,to,processs,day,288,/,702:,2021/8/19,
2022/6/3,13:28:50,-,Start,to,processs,day,289,/,702:,2021/8/18,
2022/6/3,13:28:51,-,Start,to,processs,day,290,/,702:,2021/8/17,
2022/6/3,13:28:51,-,Start,to,processs,day,291,/,702:,2021/8/16,
2022/6/3,13:28:52,-,Start,to,processs,day,292,/,702:,2021/8/15,
2022/6/3,13:28:52,-,Start,to,processs,day,293,/,702:,2021/8/14,
2022/6/3,13:28:53,-,Start,to,processs,day,294,/,702:,2021/8/13,
2022/6/3,13:28:53,-,Start,to,processs,day,295,/,702:,2021/8/12,
2022/6/3,13:28:54,-,Start,to,processs,day,296,/,702:,2021/8/11,
2022/6/3,13:28:54,-,Start,to,processs,day,297,/,702:,2021/8/10,
2022/6/3,13:28:55,-,Start,to,processs,day,298,/,702:,2021/8/9,
2022/6/3,13:28:56,-,Start,to,processs,day,299,/,702:,2021/8/8,
2022/6/3,13:28:56,-,Start,to,processs,day,300,/,702:,2021/8/7,
2022/6/3,13:28:57,-,Start,to,processs,day,301,/,702:,2021/8/6,
2022/6/3,13:29:00,-,Start,to,processs,day,302,/,702:,2021/8/5,
2022/6/3,13:29:00,-,Start,to,processs,day,303,/,702:,2021/8/4,
2022/6/3,13:29:01,-,Start,to,processs,day,304,/,702:,2021/8/3,
2022/6/3,13:29:02,-,Start,to,processs,day,305,/,702:,2021/8/2,
2022/6/3,13:29:15,-,Start,to,processs,day,306,/,702:,2021/8/1,
2022/6/3,13:29:18,-,Start,to,processs,day,307,/,702:,2021/7/31,
2022/6/3,13:30:58,-,Start,to,processs,day,308,/,702:,2021/7/30,
2022/6/3,13:30:59,-,Start,to,processs,day,309,/,702:,2021/7/29,
2022/6/3,13:31:23,-,Start,to,processs,day,310,/,702:,2021/7/28,
2022/6/3,13:31:23,-,Start,to,processs,day,311,/,702:,2021/7/27,
2022/6/3,13:32:36,-,Start,to,processs,day,312,/,702:,2021/7/26,
2022/6/3,13:32:36,-,Start,to,processs,day,313,/,702:,2021/7/25,
2022/6/3,13:33:02,-,Start,to,processs,day,314,/,702:,2021/7/24,
2022/6/3,13:33:02,-,Start,to,processs,day,315,/,702:,2021/7/23,
2022/6/3,13:34:09,-,Start,to,processs,day,316,/,702:,2021/7/22,
2022/6/3,13:34:17,-,Start,to,processs,day,317,/,702:,2021/7/21,
2022/6/3,13:34:41,-,Start,to,processs,day,318,/,702:,2021/7/20,
2022/6/3,13:34:43,-,Start,to,processs,day,319,/,702:,2021/7/19,
2022/6/3,13:35:44,-,Start,to,processs,day,320,/,702:,2021/7/18,
2022/6/3,13:35:44,-,Start,to,processs,day,321,/,702:,2021/7/17,
2022/6/3,13:36:05,-,Start,to,processs,day,322,/,702:,2021/7/16,
2022/6/3,13:36:17,-,Start,to,processs,day,323,/,702:,2021/7/15,
2022/6/3,13:37:08,-,Start,to,processs,day,324,/,702:,2021/7/14,
2022/6/3,13:37:08,-,Start,to,processs,day,325,/,702:,2021/7/13,
2022/6/3,13:37:28,-,Start,to,processs,day,326,/,702:,2021/7/12,
2022/6/3,13:37:40,-,Start,to,processs,day,327,/,702:,2021/7/11,
2022/6/3,13:38:33,-,Start,to,processs,day,328,/,702:,2021/7/10,
2022/6/3,13:38:33,-,Start,to,processs,day,329,/,702:,2021/7/9,
2022/6/3,13:38:50,-,Start,to,processs,day,330,/,702:,2021/7/8,
2022/6/3,13:39:07,-,Start,to,processs,day,331,/,702:,2021/7/7,
2022/6/3,13:40:02,-,Start,to,processs,day,332,/,702:,2021/7/6,
2022/6/3,13:40:13,-,Start,to,processs,day,333,/,702:,2021/7/5,
2022/6/3,13:40:15,-,Start,to,processs,day,334,/,702:,2021/7/4,
2022/6/3,13:40:45,-,Start,to,processs,day,335,/,702:,2021/7/3,
2022/6/3,13:41:28,-,Start,to,processs,day,336,/,702:,2021/7/2,
2022/6/3,13:41:41,-,Start,to,processs,day,337,/,702:,2021/7/1,
2022/6/3,13:41:42,-,Start,to,processs,day,338,/,702:,2021/6/30,
2022/6/3,13:42:08,-,Start,to,processs,day,339,/,702:,2021/6/29,
2022/6/3,13:42:47,-,Start,to,processs,day,340,/,702:,2021/6/28,
2022/6/3,13:42:59,-,Start,to,processs,day,341,/,702:,2021/6/27,
2022/6/3,13:43:10,-,Start,to,processs,day,342,/,702:,2021/6/26,
2022/6/3,13:43:25,-,Start,to,processs,day,343,/,702:,2021/6/25,
2022/6/3,13:44:06,-,Start,to,processs,day,344,/,702:,2021/6/24,
2022/6/3,13:44:21,-,Start,to,processs,day,345,/,702:,2021/6/23,
2022/6/3,13:44:32,-,Start,to,processs,day,346,/,702:,2021/6/22,
2022/6/3,13:44:46,-,Start,to,processs,day,347,/,702:,2021/6/21,
2022/6/3,13:45:26,-,Start,to,processs,day,348,/,702:,2021/6/20,
2022/6/3,13:45:45,-,Start,to,processs,day,349,/,702:,2021/6/19,
2022/6/3,13:45:48,-,Start,to,processs,day,350,/,702:,2021/6/18,
2022/6/3,13:46:05,-,Start,to,processs,day,351,/,702:,2021/6/17,
2022/6/3,13:46:44,-,Start,to,processs,day,352,/,702:,2021/6/16,
2022/6/3,13:46:59,-,Start,to,processs,day,353,/,702:,2021/6/15,
2022/6/3,13:47:09,-,Start,to,processs,day,354,/,702:,2021/6/14,
2022/6/3,13:47:20,-,Start,to,processs,day,355,/,702:,2021/6/13,
2022/6/3,13:48:05,-,Start,to,processs,day,356,/,702:,2021/6/12,
2022/6/3,13:48:16,-,Start,to,processs,day,357,/,702:,2021/6/11,
2022/6/3,13:48:32,-,Start,to,processs,day,358,/,702:,2021/6/10,
2022/6/3,13:48:34,-,Start,to,processs,day,359,/,702:,2021/6/9,
2022/6/3,13:49:25,-,Start,to,processs,day,360,/,702:,2021/6/8,
2022/6/3,13:49:38,-,Start,to,processs,day,361,/,702:,2021/6/7,
2022/6/3,13:49:57,-,Start,to,processs,day,362,/,702:,2021/6/6,
2022/6/3,13:50:01,-,Start,to,processs,day,363,/,702:,2021/6/5,
2022/6/3,13:50:52,-,Start,to,processs,day,364,/,702:,2021/6/4,
2022/6/3,13:51:05,-,Start,to,processs,day,365,/,702:,2021/6/3,
2022/6/3,13:51:35,-,Start,to,processs,day,366,/,702:,2021/6/2,
2022/6/3,13:51:39,-,Start,to,processs,day,367,/,702:,2021/6/1,
2022/6/3,13:52:27,-,Start,to,processs,day,368,/,702:,2021/5/31,
2022/6/3,13:52:40,-,Start,to,processs,day,369,/,702:,2021/5/30,
2022/6/3,13:53:10,-,Start,to,processs,day,370,/,702:,2021/5/29,
2022/6/3,13:53:12,-,Start,to,processs,day,371,/,702:,2021/5/28,
2022/6/3,13:53:39,-,Start,to,processs,day,372,/,702:,2021/5/27,
2022/6/3,13:53:50,-,Start,to,processs,day,373,/,702:,2021/5/26,
2022/6/3,13:54:23,-,Start,to,processs,day,374,/,702:,2021/5/25,
2022/6/3,13:54:29,-,Start,to,processs,day,375,/,702:,2021/5/24,
2022/6/3,13:54:52,-,Start,to,processs,day,376,/,702:,2021/5/23,
2022/6/3,13:54:57,-,Start,to,processs,day,377,/,702:,2021/5/22,
2022/6/3,13:55:33,-,Start,to,processs,day,378,/,702:,2021/5/21,
2022/6/3,13:55:35,-,Start,to,processs,day,379,/,702:,2021/5/20,
2022/6/3,13:56:04,-,Start,to,processs,day,380,/,702:,2021/5/19,
2022/6/3,13:56:09,-,Start,to,processs,day,381,/,702:,2021/5/18,
2022/6/3,13:56:49,-,Start,to,processs,day,382,/,702:,2021/5/17,
2022/6/3,13:56:50,-,Start,to,processs,day,383,/,702:,2021/5/16,
2022/6/3,13:57:17,-,Start,to,processs,day,384,/,702:,2021/5/15,
2022/6/3,13:57:21,-,Start,to,processs,day,385,/,702:,2021/5/14,
2022/6/3,13:58:01,-,Start,to,processs,day,386,/,702:,2021/5/13,
2022/6/3,13:58:02,-,Start,to,processs,day,387,/,702:,2021/5/12,
2022/6/3,13:58:26,-,Start,to,processs,day,388,/,702:,2021/5/11,
2022/6/3,13:58:35,-,Start,to,processs,day,389,/,702:,2021/5/10,
2022/6/3,13:59:16,-,Start,to,processs,day,390,/,702:,2021/5/9,
2022/6/3,13:59:16,-,Start,to,processs,day,391,/,702:,2021/5/8,
2022/6/3,13:59:40,-,Start,to,processs,day,392,/,702:,2021/5/7,
2022/6/3,13:59:42,-,Start,to,processs,day,393,/,702:,2021/5/6,
2022/6/3,14:00:26,-,Start,to,processs,day,394,/,702:,2021/5/5,
2022/6/3,14:00:31,-,Start,to,processs,day,395,/,702:,2021/5/4,
2022/6/3,14:00:57,-,Start,to,processs,day,396,/,702:,2021/5/3,
2022/6/3,14:00:57,-,Start,to,processs,day,397,/,702:,2021/5/2,
2022/6/3,14:01:50,-,Start,to,processs,day,398,/,702:,2021/5/1,
2022/6/3,14:01:51,-,Start,to,processs,day,399,/,702:,2021/4/30,
2022/6/3,14:02:19,-,Start,to,processs,day,400,/,702:,2021/4/29,
2022/6/3,14:02:22,-,Start,to,processs,day,401,/,702:,2021/4/28,
2022/6/3,14:03:23,-,Start,to,processs,day,402,/,702:,2021/4/27,
2022/6/3,14:03:24,-,Start,to,processs,day,403,/,702:,2021/4/26,
2022/6/3,14:03:46,-,Start,to,processs,day,404,/,702:,2021/4/25,
2022/6/3,14:03:56,-,Start,to,processs,day,405,/,702:,2021/4/24,
2022/6/3,14:04:45,-,Start,to,processs,day,406,/,702:,2021/4/23,
2022/6/3,14:04:48,-,Start,to,processs,day,407,/,702:,2021/4/22,
2022/6/3,14:05:07,-,Start,to,processs,day,408,/,702:,2021/4/21,
2022/6/3,14:05:09,-,Start,to,processs,day,409,/,702:,2021/4/20,
2022/6/3,14:06:05,-,Start,to,processs,day,410,/,702:,2021/4/19,
2022/6/3,14:06:06,-,Start,to,processs,day,411,/,702:,2021/4/18,
2022/6/3,14:06:23,-,Start,to,processs,day,412,/,702:,2021/4/17,
2022/6/3,14:06:26,-,Start,to,processs,day,413,/,702:,2021/4/16,
2022/6/3,14:07:17,-,Start,to,processs,day,414,/,702:,2021/4/15,
2022/6/3,14:07:18,-,Start,to,processs,day,415,/,702:,2021/4/14,
2022/6/3,14:07:33,-,Start,to,processs,day,416,/,702:,2021/4/13,
2022/6/3,14:07:41,-,Start,to,processs,day,417,/,702:,2021/4/12,
2022/6/3,14:08:25,-,Start,to,processs,day,418,/,702:,2021/4/11,
2022/6/3,14:08:30,-,Start,to,processs,day,419,/,702:,2021/4/10,
2022/6/3,14:08:40,-,Start,to,processs,day,420,/,702:,2021/4/9,
2022/6/3,14:08:47,-,Start,to,processs,day,421,/,702:,2021/4/8,
2022/6/3,14:09:31,-,Start,to,processs,day,422,/,702:,2021/4/7,
2022/6/3,14:09:36,-,Start,to,processs,day,423,/,702:,2021/4/6,
2022/6/3,14:09:46,-,Start,to,processs,day,424,/,702:,2021/4/5,
2022/6/3,14:09:51,-,Start,to,processs,day,425,/,702:,2021/4/4,
2022/6/3,14:10:40,-,Start,to,processs,day,426,/,702:,2021/4/3,
2022/6/3,14:10:42,-,Start,to,processs,day,427,/,702:,2021/4/2,
2022/6/3,14:10:52,-,Start,to,processs,day,428,/,702:,2021/4/1,
2022/6/3,14:10:59,-,Start,to,processs,day,429,/,702:,2021/3/31,
2022/6/3,14:11:48,-,Start,to,processs,day,430,/,702:,2021/3/30,
2022/6/3,14:11:49,-,Start,to,processs,day,431,/,702:,2021/3/29,
2022/6/3,14:11:58,-,Start,to,processs,day,432,/,702:,2021/3/28,
2022/6/3,14:12:06,-,Start,to,processs,day,433,/,702:,2021/3/27,
2022/6/3,14:12:59,-,Start,to,processs,day,434,/,702:,2021/3/26,
2022/6/3,14:13:00,-,Start,to,processs,day,435,/,702:,2021/3/25,
2022/6/3,14:13:04,-,Start,to,processs,day,436,/,702:,2021/3/24,
2022/6/3,14:13:15,-,Start,to,processs,day,437,/,702:,2021/3/23,
2022/6/3,14:14:10,-,Start,to,processs,day,438,/,702:,2021/3/22,
2022/6/3,14:14:11,-,Start,to,processs,day,439,/,702:,2021/3/21,
2022/6/3,14:14:12,-,Start,to,processs,day,440,/,702:,2021/3/20,
2022/6/3,14:14:30,-,Start,to,processs,day,441,/,702:,2021/3/19,
2022/6/3,14:15:16,-,Start,to,processs,day,442,/,702:,2021/3/18,
2022/6/3,14:15:22,-,Start,to,processs,day,443,/,702:,2021/3/17,
2022/6/3,14:15:22,-,Start,to,processs,day,444,/,702:,2021/3/16,
2022/6/3,14:15:28,-,Start,to,processs,day,445,/,702:,2021/3/15,
2022/6/3,14:16:12,-,Start,to,processs,day,446,/,702:,2021/3/14,
2022/6/3,14:16:17,-,Start,to,processs,day,447,/,702:,2021/3/13,
2022/6/3,14:16:20,-,Start,to,processs,day,448,/,702:,2021/3/12,
2022/6/3,14:16:21,-,Start,to,processs,day,449,/,702:,2021/3/11,
2022/6/3,14:17:08,-,Start,to,processs,day,450,/,702:,2021/3/10,
2022/6/3,14:17:14,-,Start,to,processs,day,451,/,702:,2021/3/9,
2022/6/3,14:17:16,-,Start,to,processs,day,452,/,702:,2021/3/8,
2022/6/3,14:17:18,-,Start,to,processs,day,453,/,702:,2021/3/7,
2022/6/3,14:18:04,-,Start,to,processs,day,454,/,702:,2021/3/6,
2022/6/3,14:18:10,-,Start,to,processs,day,455,/,702:,2021/3/5,
2022/6/3,14:18:12,-,Start,to,processs,day,456,/,702:,2021/3/4,
2022/6/3,14:18:14,-,Start,to,processs,day,457,/,702:,2021/3/3,
2022/6/3,14:18:56,-,Start,to,processs,day,458,/,702:,2021/3/2,
2022/6/3,14:19:07,-,Start,to,processs,day,459,/,702:,2021/3/1,
2022/6/3,14:19:08,-,Start,to,processs,day,460,/,702:,2021/2/28,
2022/6/3,14:19:11,-,Start,to,processs,day,461,/,702:,2021/2/27,
2022/6/3,14:19:49,-,Start,to,processs,day,462,/,702:,2021/2/26,
2022/6/3,14:20:05,-,Start,to,processs,day,463,/,702:,2021/2/25,
2022/6/3,14:20:05,-,Start,to,processs,day,464,/,702:,2021/2/24,
2022/6/3,14:20:05,-,Start,to,processs,day,465,/,702:,2021/2/23,
2022/6/3,14:20:42,-,Start,to,processs,day,466,/,702:,2021/2/22,
2022/6/3,14:21:01,-,Start,to,processs,day,467,/,702:,2021/2/21,
2022/6/3,14:21:01,-,Start,to,processs,day,468,/,702:,2021/2/20,
2022/6/3,14:21:02,-,Start,to,processs,day,469,/,702:,2021/2/19,
2022/6/3,14:21:33,-,Start,to,processs,day,470,/,702:,2021/2/18,
2022/6/3,14:21:52,-,Start,to,processs,day,471,/,702:,2021/2/17,
2022/6/3,14:21:57,-,Start,to,processs,day,472,/,702:,2021/2/16,
2022/6/3,14:21:57,-,Start,to,processs,day,473,/,702:,2021/2/15,
2022/6/3,14:22:25,-,Start,to,processs,day,474,/,702:,2021/2/14,
2022/6/3,14:22:45,-,Start,to,processs,day,475,/,702:,2021/2/13,
2022/6/3,14:22:50,-,Start,to,processs,day,476,/,702:,2021/2/12,
2022/6/3,14:22:51,-,Start,to,processs,day,477,/,702:,2021/2/11,
2022/6/3,14:23:16,-,Start,to,processs,day,478,/,702:,2021/2/10,
2022/6/3,14:23:39,-,Start,to,processs,day,479,/,702:,2021/2/9,
2022/6/3,14:23:42,-,Start,to,processs,day,480,/,702:,2021/2/8,
2022/6/3,14:23:47,-,Start,to,processs,day,481,/,702:,2021/2/7,
2022/6/3,14:24:08,-,Start,to,processs,day,482,/,702:,2021/2/6,
2022/6/3,14:24:32,-,Start,to,processs,day,483,/,702:,2021/2/5,
2022/6/3,14:24:36,-,Start,to,processs,day,484,/,702:,2021/2/4,
2022/6/3,14:24:39,-,Start,to,processs,day,485,/,702:,2021/2/3,
2022/6/3,14:24:59,-,Start,to,processs,day,486,/,702:,2021/2/2,
2022/6/3,14:25:26,-,Start,to,processs,day,487,/,702:,2021/2/1,
2022/6/3,14:25:31,-,Start,to,processs,day,488,/,702:,2021/1/31,
2022/6/3,14:25:34,-,Start,to,processs,day,489,/,702:,2021/1/30,
2022/6/3,14:25:51,-,Start,to,processs,day,490,/,702:,2021/1/29,
2022/6/3,14:26:20,-,Start,to,processs,day,491,/,702:,2021/1/28,
2022/6/3,14:26:26,-,Start,to,processs,day,492,/,702:,2021/1/27,
2022/6/3,14:26:28,-,Start,to,processs,day,493,/,702:,2021/1/26,
2022/6/3,14:26:44,-,Start,to,processs,day,494,/,702:,2021/1/25,
2022/6/3,14:27:13,-,Start,to,processs,day,495,/,702:,2021/1/24,
2022/6/3,14:27:20,-,Start,to,processs,day,496,/,702:,2021/1/23,
2022/6/3,14:27:20,-,Start,to,processs,day,497,/,702:,2021/1/22,
2022/6/3,14:27:37,-,Start,to,processs,day,498,/,702:,2021/1/21,
2022/6/3,14:28:05,-,Start,to,processs,day,499,/,702:,2021/1/20,
2022/6/3,14:28:13,-,Start,to,processs,day,500,/,702:,2021/1/19,
2022/6/3,14:28:14,-,Start,to,processs,day,501,/,702:,2021/1/18,
2022/6/3,14:28:28,-,Start,to,processs,day,502,/,702:,2021/1/17,
2022/6/3,14:28:56,-,Start,to,processs,day,503,/,702:,2021/1/16,
2022/6/3,14:29:04,-,Start,to,processs,day,504,/,702:,2021/1/15,
2022/6/3,14:29:07,-,Start,to,processs,day,505,/,702:,2021/1/14,
2022/6/3,14:29:21,-,Start,to,processs,day,506,/,702:,2021/1/13,
2022/6/3,14:29:46,-,Start,to,processs,day,507,/,702:,2021/1/12,
2022/6/3,14:29:57,-,Start,to,processs,day,508,/,702:,2021/1/11,
2022/6/3,14:30:00,-,Start,to,processs,day,509,/,702:,2021/1/10,
2022/6/3,14:30:13,-,Start,to,processs,day,510,/,702:,2021/1/9,
2022/6/3,14:30:36,-,Start,to,processs,day,511,/,702:,2021/1/8,
2022/6/3,14:30:48,-,Start,to,processs,day,512,/,702:,2021/1/7,
2022/6/3,14:30:53,-,Start,to,processs,day,513,/,702:,2021/1/6,
2022/6/3,14:31:03,-,Start,to,processs,day,514,/,702:,2021/1/5,
2022/6/3,14:31:26,-,Start,to,processs,day,515,/,702:,2021/1/4,
2022/6/3,14:31:39,-,Start,to,processs,day,516,/,702:,2021/1/3,
2022/6/3,14:31:45,-,Start,to,processs,day,517,/,702:,2021/1/2,
2022/6/3,14:31:54,-,Start,to,processs,day,518,/,702:,2021/1/1,
2022/6/3,14:32:16,-,Start,to,processs,day,519,/,702:,2020/12/31,
2022/6/3,14:32:32,-,Start,to,processs,day,520,/,702:,2020/12/30,
2022/6/3,14:32:38,-,Start,to,processs,day,521,/,702:,2020/12/29,
2022/6/3,14:32:46,-,Start,to,processs,day,522,/,702:,2020/12/28,
2022/6/3,14:33:06,-,Start,to,processs,day,523,/,702:,2020/12/27,
2022/6/3,14:33:23,-,Start,to,processs,day,524,/,702:,2020/12/26,
2022/6/3,14:33:28,-,Start,to,processs,day,525,/,702:,2020/12/25,
2022/6/3,14:33:36,-,Start,to,processs,day,526,/,702:,2020/12/24,
2022/6/3,14:33:56,-,Start,to,processs,day,527,/,702:,2020/12/23,
2022/6/3,14:34:14,-,Start,to,processs,day,528,/,702:,2020/12/22,
2022/6/3,14:34:19,-,Start,to,processs,day,529,/,702:,2020/12/21,
2022/6/3,14:34:27,-,Start,to,processs,day,530,/,702:,2020/12/20,
2022/6/3,14:34:45,-,Start,to,processs,day,531,/,702:,2020/12/19,
2022/6/3,14:35:06,-,Start,to,processs,day,532,/,702:,2020/12/18,
2022/6/3,14:35:07,-,Start,to,processs,day,533,/,702:,2020/12/17,
2022/6/3,14:35:17,-,Start,to,processs,day,534,/,702:,2020/12/16,
2022/6/3,14:35:33,-,Start,to,processs,day,535,/,702:,2020/12/15,
2022/6/3,14:35:54,-,Start,to,processs,day,536,/,702:,2020/12/14,
2022/6/3,14:35:56,-,Start,to,processs,day,537,/,702:,2020/12/13,
2022/6/3,14:36:05,-,Start,to,processs,day,538,/,702:,2020/12/12,
2022/6/3,14:36:19,-,Start,to,processs,day,539,/,702:,2020/12/11,
2022/6/3,14:36:43,-,Start,to,processs,day,540,/,702:,2020/12/10,
2022/6/3,14:36:43,-,Start,to,processs,day,541,/,702:,2020/12/9,
2022/6/3,14:36:54,-,Start,to,processs,day,542,/,702:,2020/12/8,
2022/6/3,14:37:07,-,Start,to,processs,day,543,/,702:,2020/12/7,
2022/6/3,14:37:31,-,Start,to,processs,day,544,/,702:,2020/12/6,
2022/6/3,14:37:32,-,Start,to,processs,day,545,/,702:,2020/12/5,
2022/6/3,14:37:41,-,Start,to,processs,day,546,/,702:,2020/12/4,
2022/6/3,14:37:52,-,Start,to,processs,day,547,/,702:,2020/12/3,
2022/6/3,14:38:20,-,Start,to,processs,day,548,/,702:,2020/12/2,
2022/6/3,14:38:20,-,Start,to,processs,day,549,/,702:,2020/12/1,
2022/6/3,14:38:29,-,Start,to,processs,day,550,/,702:,2020/11/30,
2022/6/3,14:38:39,-,Start,to,processs,day,551,/,702:,2020/11/29,
2022/6/3,14:39:09,-,Start,to,processs,day,552,/,702:,2020/11/28,
2022/6/3,14:39:11,-,Start,to,processs,day,553,/,702:,2020/11/27,
2022/6/3,14:39:17,-,Start,to,processs,day,554,/,702:,2020/11/26,
2022/6/3,14:39:27,-,Start,to,processs,day,555,/,702:,2020/11/25,
2022/6/3,14:39:58,-,Start,to,processs,day,556,/,702:,2020/11/24,
2022/6/3,14:40:01,-,Start,to,processs,day,557,/,702:,2020/11/23,
2022/6/3,14:40:07,-,Start,to,processs,day,558,/,702:,2020/11/22,
2022/6/3,14:40:19,-,Start,to,processs,day,559,/,702:,2020/11/21,
2022/6/3,14:40:52,-,Start,to,processs,day,560,/,702:,2020/11/20,
2022/6/3,14:40:56,-,Start,to,processs,day,561,/,702:,2020/11/19,
2022/6/3,14:41:01,-,Start,to,processs,day,562,/,702:,2020/11/18,
2022/6/3,14:41:13,-,Start,to,processs,day,563,/,702:,2020/11/17,
2022/6/3,14:41:43,-,Start,to,processs,day,564,/,702:,2020/11/16,
2022/6/3,14:41:51,-,Start,to,processs,day,565,/,702:,2020/11/15,
2022/6/3,14:41:52,-,Start,to,processs,day,566,/,702:,2020/11/14,
2022/6/3,14:42:05,-,Start,to,processs,day,567,/,702:,2020/11/13,
2022/6/3,14:42:31,-,Start,to,processs,day,568,/,702:,2020/11/12,
2022/6/3,14:42:39,-,Start,to,processs,day,569,/,702:,2020/11/11,
2022/6/3,14:42:42,-,Start,to,processs,day,570,/,702:,2020/11/10,
2022/6/3,14:42:51,-,Start,to,processs,day,571,/,702:,2020/11/9,
2022/6/3,14:43:16,-,Start,to,processs,day,572,/,702:,2020/11/8,
2022/6/3,14:43:28,-,Start,to,processs,day,573,/,702:,2020/11/7,
2022/6/3,14:43:28,-,Start,to,processs,day,574,/,702:,2020/11/6,
2022/6/3,14:43:37,-,Start,to,processs,day,575,/,702:,2020/11/5,
2022/6/3,14:44:03,-,Start,to,processs,day,576,/,702:,2020/11/4,
2022/6/3,14:44:16,-,Start,to,processs,day,577,/,702:,2020/11/3,
2022/6/3,14:44:16,-,Start,to,processs,day,578,/,702:,2020/11/2,
2022/6/3,14:44:24,-,Start,to,processs,day,579,/,702:,2020/11/1,
2022/6/3,14:44:52,-,Start,to,processs,day,580,/,702:,2020/10/31,
2022/6/3,14:45:05,-,Start,to,processs,day,581,/,702:,2020/10/30,
2022/6/3,14:45:07,-,Start,to,processs,day,582,/,702:,2020/10/29,
2022/6/3,14:45:13,-,Start,to,processs,day,583,/,702:,2020/10/28,
2022/6/3,14:45:39,-,Start,to,processs,day,584,/,702:,2020/10/27,
2022/6/3,14:45:52,-,Start,to,processs,day,585,/,702:,2020/10/26,
2022/6/3,14:45:53,-,Start,to,processs,day,586,/,702:,2020/10/25,
2022/6/3,14:45:58,-,Start,to,processs,day,587,/,702:,2020/10/24,
2022/6/3,14:46:24,-,Start,to,processs,day,588,/,702:,2020/10/23,
2022/6/3,14:46:39,-,Start,to,processs,day,589,/,702:,2020/10/22,
2022/6/3,14:46:40,-,Start,to,processs,day,590,/,702:,2020/10/21,
2022/6/3,14:46:45,-,Start,to,processs,day,591,/,702:,2020/10/20,
2022/6/3,14:47:08,-,Start,to,processs,day,592,/,702:,2020/10/19,
2022/6/3,14:47:26,-,Start,to,processs,day,593,/,702:,2020/10/18,
2022/6/3,14:47:27,-,Start,to,processs,day,594,/,702:,2020/10/17,
2022/6/3,14:47:32,-,Start,to,processs,day,595,/,702:,2020/10/16,
2022/6/3,14:47:53,-,Start,to,processs,day,596,/,702:,2020/10/15,
2022/6/3,14:48:11,-,Start,to,processs,day,597,/,702:,2020/10/14,
2022/6/3,14:48:13,-,Start,to,processs,day,598,/,702:,2020/10/13,
2022/6/3,14:48:19,-,Start,to,processs,day,599,/,702:,2020/10/12,
2022/6/3,14:48:38,-,Start,to,processs,day,600,/,702:,2020/10/11,
2022/6/3,14:49:00,-,Start,to,processs,day,601,/,702:,2020/10/10,
2022/6/3,14:49:00,-,Start,to,processs,day,602,/,702:,2020/10/9,
2022/6/3,14:49:07,-,Start,to,processs,day,603,/,702:,2020/10/8,
2022/6/3,14:49:23,-,Start,to,processs,day,604,/,702:,2020/10/7,
2022/6/3,14:49:45,-,Start,to,processs,day,605,/,702:,2020/10/6,
2022/6/3,14:49:47,-,Start,to,processs,day,606,/,702:,2020/10/5,
2022/6/3,14:49:53,-,Start,to,processs,day,607,/,702:,2020/10/4,
2022/6/3,14:50:07,-,Start,to,processs,day,608,/,702:,2020/10/3,
2022/6/3,14:50:30,-,Start,to,processs,day,609,/,702:,2020/10/2,
2022/6/3,14:50:35,-,Start,to,processs,day,610,/,702:,2020/10/1,
2022/6/3,14:50:41,-,Start,to,processs,day,611,/,702:,2020/9/30,
2022/6/3,14:50:57,-,Start,to,processs,day,612,/,702:,2020/9/29,
2022/6/3,14:51:22,-,Start,to,processs,day,613,/,702:,2020/9/28,
2022/6/3,14:51:24,-,Start,to,processs,day,614,/,702:,2020/9/27,
2022/6/3,14:51:31,-,Start,to,processs,day,615,/,702:,2020/9/26,
2022/6/3,14:51:49,-,Start,to,processs,day,616,/,702:,2020/9/25,
2022/6/3,14:52:15,-,Start,to,processs,day,617,/,702:,2020/9/24,
2022/6/3,14:52:17,-,Start,to,processs,day,618,/,702:,2020/9/23,
2022/6/3,14:52:22,-,Start,to,processs,day,619,/,702:,2020/9/22,
2022/6/3,14:52:43,-,Start,to,processs,day,620,/,702:,2020/9/21,
2022/6/3,14:53:07,-,Start,to,processs,day,621,/,702:,2020/9/20,
2022/6/3,14:53:09,-,Start,to,processs,day,622,/,702:,2020/9/19,
2022/6/3,14:53:12,-,Start,to,processs,day,623,/,702:,2020/9/18,
2022/6/3,14:53:32,-,Start,to,processs,day,624,/,702:,2020/9/17,
2022/6/3,14:53:55,-,Start,to,processs,day,625,/,702:,2020/9/16,
2022/6/3,14:53:56,-,Start,to,processs,day,626,/,702:,2020/9/15,
2022/6/3,14:54:00,-,Start,to,processs,day,627,/,702:,2020/9/14,
2022/6/3,14:54:16,-,Start,to,processs,day,628,/,702:,2020/9/13,
2022/6/3,14:54:40,-,Start,to,processs,day,629,/,702:,2020/9/12,
2022/6/3,14:54:43,-,Start,to,processs,day,630,/,702:,2020/9/11,
2022/6/3,14:54:46,-,Start,to,processs,day,631,/,702:,2020/9/10,
2022/6/3,14:55:02,-,Start,to,processs,day,632,/,702:,2020/9/9,
2022/6/3,14:55:28,-,Start,to,processs,day,633,/,702:,2020/9/8,
2022/6/3,14:55:28,-,Start,to,processs,day,634,/,702:,2020/9/7,
2022/6/3,14:55:32,-,Start,to,processs,day,635,/,702:,2020/9/6,
2022/6/3,14:55:47,-,Start,to,processs,day,636,/,702:,2020/9/5,
2022/6/3,14:56:16,-,Start,to,processs,day,637,/,702:,2020/9/4,
2022/6/3,14:56:17,-,Start,to,processs,day,638,/,702:,2020/9/3,
2022/6/3,14:56:19,-,Start,to,processs,day,639,/,702:,2020/9/2,
2022/6/3,14:56:35,-,Start,to,processs,day,640,/,702:,2020/9/1,
2022/6/3,14:57:03,-,Start,to,processs,day,641,/,702:,2020/8/31,
2022/6/3,14:57:07,-,Start,to,processs,day,642,/,702:,2020/8/30,
2022/6/3,14:57:08,-,Start,to,processs,day,643,/,702:,2020/8/29,
2022/6/3,14:57:28,-,Start,to,processs,day,644,/,702:,2020/8/28,
2022/6/3,14:59:49,-,Start,to,processs,day,645,/,702:,2020/8/27,
2022/6/3,14:59:49,-,Start,to,processs,day,646,/,702:,2020/8/26,
2022/6/3,14:59:50,-,Start,to,processs,day,647,/,702:,2020/8/25,
2022/6/3,14:59:50,-,Start,to,processs,day,648,/,702:,2020/8/24,
2022/6/3,15:02:12,-,Start,to,processs,day,649,/,702:,2020/8/23,
2022/6/3,15:02:12,-,Start,to,processs,day,650,/,702:,2020/8/22,
2022/6/3,15:02:12,-,Start,to,processs,day,651,/,702:,2020/8/21,
2022/6/3,15:02:13,-,Start,to,processs,day,652,/,702:,2020/8/20,
2022/6/3,15:04:59,-,Start,to,processs,day,653,/,702:,2020/8/19,
2022/6/3,15:04:59,-,Start,to,processs,day,654,/,702:,2020/8/18,
2022/6/3,15:04:59,-,Start,to,processs,day,655,/,702:,2020/8/17,
2022/6/3,15:05:00,-,Start,to,processs,day,656,/,702:,2020/8/16,
2022/6/3,15:07:25,-,Start,to,processs,day,657,/,702:,2020/8/15,
2022/6/3,15:07:25,-,Start,to,processs,day,658,/,702:,2020/8/14,
2022/6/3,15:07:25,-,Start,to,processs,day,659,/,702:,2020/8/13,
2022/6/3,15:07:26,-,Start,to,processs,day,660,/,702:,2020/8/12,
2022/6/3,15:09:44,-,Start,to,processs,day,661,/,702:,2020/8/11,
2022/6/3,15:09:44,-,Start,to,processs,day,662,/,702:,2020/8/10,
2022/6/3,15:09:45,-,Start,to,processs,day,663,/,702:,2020/8/9,
2022/6/3,15:09:45,-,Start,to,processs,day,664,/,702:,2020/8/8,
2022/6/3,15:12:04,-,Start,to,processs,day,665,/,702:,2020/8/7,
2022/6/3,15:12:04,-,Start,to,processs,day,666,/,702:,2020/8/6,
2022/6/3,15:12:04,-,Start,to,processs,day,667,/,702:,2020/8/5,
2022/6/3,15:12:04,-,Start,to,processs,day,668,/,702:,2020/8/4,
2022/6/3,15:14:10,-,Start,to,processs,day,669,/,702:,2020/8/3,
2022/6/3,15:14:22,-,Start,to,processs,day,670,/,702:,2020/8/2,
2022/6/3,15:14:22,-,Start,to,processs,day,671,/,702:,2020/8/1,
2022/6/3,15:14:23,-,Start,to,processs,day,672,/,702:,2020/7/31,
2022/6/3,15:15:50,-,Start,to,processs,day,673,/,702:,2020/7/30,
2022/6/3,15:16:50,-,Start,to,processs,day,674,/,702:,2020/7/29,
2022/6/3,15:16:50,-,Start,to,processs,day,675,/,702:,2020/7/28,
2022/6/3,15:16:50,-,Start,to,processs,day,676,/,702:,2020/7/27,
2022/6/3,15:17:44,-,Start,to,processs,day,677,/,702:,2020/7/26,
2022/6/3,15:18:50,-,Start,to,processs,day,678,/,702:,2020/7/25,
2022/6/3,15:18:50,-,Start,to,processs,day,679,/,702:,2020/7/24,
2022/6/3,15:18:50,-,Start,to,processs,day,680,/,702:,2020/7/23,
2022/6/3,15:19:36,-,Start,to,processs,day,681,/,702:,2020/7/22,
2022/6/3,15:20:58,-,Start,to,processs,day,682,/,702:,2020/7/21,
2022/6/3,15:20:58,-,Start,to,processs,day,683,/,702:,2020/7/20,
2022/6/3,15:20:59,-,Start,to,processs,day,684,/,702:,2020/7/19,
2022/6/3,15:21:07,-,Start,to,processs,day,685,/,702:,2020/7/18,
2022/6/3,15:23:18,-,Start,to,processs,day,686,/,702:,2020/7/17,
2022/6/3,15:23:18,-,Start,to,processs,day,687,/,702:,2020/7/16,
2022/6/3,15:23:18,-,Start,to,processs,day,688,/,702:,2020/7/15,
2022/6/3,15:25:25,-,Start,to,processs,day,689,/,702:,2020/7/14,
2022/6/3,15:25:25,-,Start,to,processs,day,690,/,702:,2020/7/13,
2022/6/3,15:25:25,-,Start,to,processs,day,691,/,702:,2020/7/12,
2022/6/3,15:25:31,-,Start,to,processs,day,692,/,702:,2020/7/11,
2022/6/3,15:28:01,-,Start,to,processs,day,693,/,702:,2020/7/10,
2022/6/3,15:28:01,-,Start,to,processs,day,694,/,702:,2020/7/9,
2022/6/3,15:28:01,-,Start,to,processs,day,695,/,702:,2020/7/8,
2022/6/3,15:28:01,-,Start,to,processs,day,696,/,702:,2020/7/7,
2022/6/3,15:30:16,-,Start,to,processs,day,697,/,702:,2020/7/6,
2022/6/3,15:30:16,-,Start,to,processs,day,698,/,702:,2020/7/5,
2022/6/3,15:30:17,-,Start,to,processs,day,699,/,702:,2020/7/4,
2022/6/3,15:30:17,-,Start,to,processs,day,700,/,702:,2020/7/3,
2022/6/3,15:32:24,-,Start,to,processs,day,701,/,702:,2020/7/2,
2022/6/3,15:32:24,-,Start,to,processs,day,702,/,702:,2020/7/1,
2022/6/3,15:33:48,-,Start,to,check,if,there,is,any,missing,date.
2022/6/3,15:33:48,-,Found,48,missing,date!,Try,to,fix,it,automatically.
2022/6/3,15:33:48,-,Adding,back,"2021-09-20,",256,,,,,
2022/6/3,15:35:00,-,Done,adding,back,"2021-09-20,",256,,,,
2022/6/3,15:35:00,-,Adding,back,"2021-09-19,",257,,,,,
2022/6/3,15:36:03,-,Done,adding,back,"2021-09-19,",257,,,,
2022/6/3,15:36:03,-,Adding,back,"2021-09-18,",258,,,,,
2022/6/3,15:37:05,-,Done,adding,back,"2021-09-18,",258,,,,
2022/6/3,15:37:05,-,Adding,back,"2021-09-17,",259,,,,,
2022/6/3,15:38:12,-,Done,adding,back,"2021-09-17,",259,,,,
2022/6/3,15:38:12,-,Adding,back,"2021-09-16,",260,,,,,
2022/6/3,15:39:20,-,Done,adding,back,"2021-09-16,",260,,,,
2022/6/3,15:39:20,-,Adding,back,"2021-09-15,",261,,,,,
2022/6/3,15:40:26,-,Done,adding,back,"2021-09-15,",261,,,,
2022/6/3,15:40:26,-,Adding,back,"2021-09-14,",262,,,,,
2022/6/3,15:41:28,-,Done,adding,back,"2021-09-14,",262,,,,
2022/6/3,15:41:28,-,Adding,back,"2021-09-13,",263,,,,,
2022/6/3,15:42:35,-,Done,adding,back,"2021-09-13,",263,,,,
2022/6/3,15:42:35,-,Adding,back,"2021-09-12,",264,,,,,
2022/6/3,15:43:41,-,Done,adding,back,"2021-09-12,",264,,,,
2022/6/3,15:43:41,-,Adding,back,"2021-09-11,",265,,,,,
2022/6/3,15:44:47,-,Done,adding,back,"2021-09-11,",265,,,,
2022/6/3,15:44:47,-,Adding,back,"2021-09-10,",266,,,,,
2022/6/3,15:45:50,-,Done,adding,back,"2021-09-10,",266,,,,
2022/6/3,15:45:50,-,Adding,back,"2021-09-09,",267,,,,,
2022/6/3,15:46:56,-,Done,adding,back,"2021-09-09,",267,,,,
2022/6/3,15:46:56,-,Adding,back,"2021-09-08,",268,,,,,
2022/6/3,15:48:03,-,Done,adding,back,"2021-09-08,",268,,,,
2022/6/3,15:48:03,-,Adding,back,"2021-09-07,",269,,,,,
2022/6/3,15:49:10,-,Done,adding,back,"2021-09-07,",269,,,,
2022/6/3,15:49:10,-,Adding,back,"2021-09-06,",270,,,,,
2022/6/3,15:50:12,-,Done,adding,back,"2021-09-06,",270,,,,
2022/6/3,15:50:12,-,Adding,back,"2021-09-05,",271,,,,,
2022/6/3,15:51:14,-,Done,adding,back,"2021-09-05,",271,,,,
2022/6/3,15:51:14,-,Adding,back,"2021-09-04,",272,,,,,
2022/6/3,15:52:19,-,Done,adding,back,"2021-09-04,",272,,,,
2022/6/3,15:52:19,-,Adding,back,"2021-09-03,",273,,,,,
2022/6/3,15:53:25,-,Done,adding,back,"2021-09-03,",273,,,,
2022/6/3,15:53:25,-,Adding,back,"2021-09-02,",274,,,,,
2022/6/3,15:54:31,-,Done,adding,back,"2021-09-02,",274,,,,